date,time_ist,account,text,assets,flags
2026-10-05,20:00,personal (Ishan),"48 builds in 3 weeks for the solana mobile hackathon. steal a seeker: a top down heist where you lift a seeker phone past guards who hear you, remember you and find bodies. submission goes in this week. level 1 in 20 seconds: @SolanaMobile @RadiantsDAO @StealASeeker","20 s gameplay clip of level 1, portrait, with the tap route visible",
2026-10-05,21:30,@StealASeeker (official),"Steal a Seeker is a stealth heist game for the Seeker phone. Tap to move, flank a guard, take the phone, reach the exit. Every score is replayed and verified on the server. Built for CLOCK IN, the Solana Mobile hackathon. @SolanaMobile @RadiantsDAO","20 s gameplay clip of level 1, portrait, with the tap route visible",
2026-10-06,20:00,personal (Ishan),"the thing i am proudest of: the guards. patrol loops, long narrow cones, they hear footsteps, they notice you before they see you, and when one finds a body the whole room changes. 30 ticks a second, deterministic, same code on the phone and the server. @StealASeeker","30 s clip: a guard hears a footstep, turns, searches, finds a body",
2026-10-06,21:30,@StealASeeker (official),"Guards in Steal a Seeker do not just see. They hear, they get suspicious, they search where they last saw you, and they find what you leave behind. A short look at the guard brain.","30 s clip: a guard hears a footstep, turns, searches, finds a body",
2026-10-07,20:00,personal (Ishan),"submission day for clock in. 100 levels live, 7 bosses, a leaderboard that ranks by total verified points. two days ago the maps were open courts. today they are mazes. before and after: @SolanaMobile @RadiantsDAO @SuperteamIN @StealASeeker",poster: before and after room comparison (open court vs maze),
2026-10-07,21:30,@StealASeeker (official),Submitted to CLOCK IN. Thank you to everyone who tested the early builds. The campaign is free to play on Seeker; the Game Pass is a one time bundle of credits and the Ghost Signal outfit. @SolanaMobile @RadiantsDAO @SuperteamIN,poster: before and after room comparison (open court vs maze),
2026-10-08,20:00,personal (Ishan),"how the backend makes levels: a recipe is a few numbers. the server builds the room, a solver has to beat it, the verifier has to agree, then it becomes a permanent row. set one variable and the api publishes more. we went from 100 to 1000 overnight. @StealASeeker",diagram: recipe to build to solve to verify to publish (reuse figure 5 from the plan),
2026-10-08,21:30,@StealASeeker (official),Levels in Steal a Seeker are generated and proven winnable before anyone sees them. The map now reaches level 1000. Nobody is close yet.,diagram: recipe to build to solve to verify to publish (reuse figure 5 from the plan),
2026-10-09,20:00,personal (Ishan),first boss intro. level 15. toly. he hears everything within eight tiles and radios the room when he spots you. flank the armour or you do not leave. (character used with the permission of the person it is based on) @toly @StealASeeker,"boss card poster: Toly, trait line, level number",C
2026-10-09,21:30,@StealASeeker (official),Boss 1 of 7: Toly. Hears everything within eight tiles. Level 15 on the map. @toly,"boss card poster: Toly, trait line, level number",C
2026-10-10,20:00,personal (Ishan),"the seeker is the only phone this game is built for. 120 hz, follow camera, haptics on every tap, kill and hit. if you have one, the apk link is in my bio. tell me what breaks. @SolanaMobile @StealASeeker","15 s clip filmed on a real Seeker showing taps and haptic moments (no screen recording, film the hand)",
2026-10-10,21:30,@StealASeeker (official),"Steal a Seeker runs on the Seeker phone. Haptics on every tap, a thump on every hit, a rhythm on every kill. Install link in bio. @SolanaMobile","15 s clip filmed on a real Seeker showing taps and haptic moments (no screen recording, film the hand)",
2026-10-11,20:00,personal (Ishan),"week 1 recap: submission in, levels to 1000, mazes live, boss intros started. next week: more bosses, the share card, and the first look at weekly rewards. @StealASeeker",recap poster with four tiles,
2026-10-11,21:30,@StealASeeker (official),"Week one is done. Seven bosses, a thousand levels, and a leaderboard that only counts verified runs. Which level are you on?",recap poster with four tiles,
2026-10-12,20:00,personal (Ishan),"share cards are live. finish a level, tap share, it posts your level and score with a link to install. this is the whole growth loop: i want to see 'i am on level 37' in my feed. @StealASeeker","share card template (level number, stars, time, boss badge, install link)",
2026-10-12,21:30,@StealASeeker (official),"New: share your level. Clear a heist, tap Share, and your card shows the level, the stars and the time. Post it and tag us; we repost the best runs.","share card template (level number, stars, time, boss badge, install link)",
2026-10-13,20:00,personal (Ishan),"boss 2. mert. one shout and the whole room knows. he does not need line of sight to ruin your day, he just needs a radio. level 18. @0xMert_ @StealASeeker",boss card poster: Mert,C
2026-10-13,21:30,@StealASeeker (official),Boss 2 of 7: Mert. One shout and the whole room knows. Level 18. @0xMert_,boss card poster: Mert,C
2026-10-14,20:00,personal (Ishan),"a maze level from the top. 34 percent of the floor is wall, no corridor longer than four cells, two pockets to hide in, one yard with a crate. every one of these is seeded, so your level 212 is my level 212. @StealASeeker","top down still of a maze level with annotations: pocket, yard, crate",
2026-10-14,21:30,@StealASeeker (official),"Every player sees the same level 212. Rooms are seeded, built once, and frozen. Your route is yours; the room is everyone's.","top down still of a maze level with annotations: pocket, yard, crate",
2026-10-15,20:00,personal (Ishan),boss 3. chase. runs you down at 1.4 times guard speed with a narrow cone. do not run. break his line with a corner and let him pass. level 21. @therealchaseeb @StealASeeker,boss card poster: Chase,C
2026-10-15,21:30,@StealASeeker (official),Boss 3 of 7: Chase. Runs you down. Do not run. Level 21. @therealchaseeb,boss card poster: Chase,C
2026-10-16,20:00,personal (Ishan),"things people asked for after week 1 and what shipped: start buttons show a spinner, the loader holds two seconds, the route starts under the courier, the blood is gone, walls are slabs. build 48. @StealASeeker",changelog poster,
2026-10-16,21:30,@StealASeeker (official),"Build 48 is out: faster start, cleaner map, new wall art. Install link in bio.",changelog poster,
2026-10-17,20:00,personal (Ishan),boss 4. lily. sees wide and slow. her cone covers half a corridor but it moves like honey. cross behind her. level 24. @calilyliu @StealASeeker,boss card poster: Lily,C
2026-10-17,21:30,@StealASeeker (official),Boss 4 of 7: Lily. Sees wide and slow. Cross behind her. Level 24. @calilyliu,boss card poster: Lily,C
2026-10-18,20:00,personal (Ishan),"a skit: the courier walks into a yard, three guards, one crate. 20 seconds. no words. (made with higgsfield from our own sprites) @StealASeeker","Higgsfield skit, 20 s, vertical, using courier and guard sprites",
2026-10-18,21:30,@StealASeeker (official),The crate was not big enough.,"Higgsfield skit, 20 s, vertical, using courier and guard sprites",
2026-10-19,20:00,personal (Ishan),"week 2 recap: four bosses revealed, share cards live, build 48. week 3: weekly rewards, if the lawyers say yes. @StealASeeker",recap poster,
2026-10-19,21:30,@StealASeeker (official),Week two: four bosses on the map and the first share cards in our mentions. Keep them coming.,recap poster,
2026-10-20,20:00,personal (Ishan),"weekly rewards, the idea: every monday the top of the leaderboard for that week gets 20 dollars in skr. the pass costs about 10, so the best player doubles it. checking the rules on prizes before we switch it on. @StealASeeker","poster: weekly reward explainer (how points work, when the week closes)",L
2026-10-20,21:30,@StealASeeker (official),Weekly rewards are coming. Top verified score of the week wins 20 dollars in SKR. Details and start date soon.,"poster: weekly reward explainer (how points work, when the week closes)",L
2026-10-21,20:00,personal (Ishan),boss 5. vibhu. 200 health and an armoured front. hits from the front bounce. only the back bleeds. level 27. @vibhu @StealASeeker,boss card poster: Vibhu,C
2026-10-21,21:30,@StealASeeker (official),Boss 5 of 7: Vibhu. Armoured front. Only the back bleeds. Level 27. @vibhu,boss card poster: Vibhu,C
2026-10-22,20:00,personal (Ishan),"how the leaderboard works: every run you submit is replayed on the server with the exact rules the level was published under. no replay, no points. the board is the sum of your best verified score per level. a level 40 player beats a level 4 player, always. @StealASeeker",diagram: run to replay to verify to points,
2026-10-22,21:30,@StealASeeker (official),Points are the sum of your best verified score on every level. Clean clears score higher. The board updates the moment your replay verifies.,diagram: run to replay to verify to points,
2026-10-23,20:00,personal (Ishan),"boss 6. akshay. three quick cuts, then he breathes. the breath is your window. level 30. @akshaybd @StealASeeker",boss card poster: Akshay,C
2026-10-23,21:30,@StealASeeker (official),"Boss 6 of 7: Akshay. Three quick cuts, then he breathes. Level 30. @akshaybd",boss card poster: Akshay,C
2026-10-24,20:00,personal (Ishan),first weekly reward week starts monday if cleared. the week is monday 00:00 utc to sunday 23:59 utc. points earned that week only. winner posted here with the verified runs. @StealASeeker,poster: countdown to week 1,L
2026-10-24,21:30,@StealASeeker (official),Week 1 of weekly rewards opens Monday. Points earned Monday to Sunday UTC count. 20 dollars in SKR to the top wallet.,poster: countdown to week 1,L
2026-10-25,20:00,personal (Ishan),"boss 7. beeman. his escorts see what he sees. four cones, one brain. the hardest fight on the first hundred levels. level 33. @beeman_nl @StealASeeker",boss card poster: Beeman,C
2026-10-25,21:30,@StealASeeker (official),Boss 7 of 7: Beeman. His escorts see what he sees. Level 33. @beeman_nl,boss card poster: Beeman,C
2026-10-26,20:00,personal (Ishan),"week 3 recap: all seven bosses revealed, leaderboard explained, weekly rewards announced. if you are on the board, post your card and tag us. @StealASeeker",poster: all seven boss cards in a row,
2026-10-26,21:30,@StealASeeker (official),All seven bosses are on the map. Who have you beaten?,poster: all seven boss cards in a row,
2026-10-27,20:00,personal (Ishan),weekly rewards week 1 is live. 20 dollars in skr to the top wallet on sunday night. the board is in the app under leaderboard. go. @StealASeeker,poster: week 1 live,L
2026-10-27,21:30,@StealASeeker (official),Weekly rewards week 1 is live. Top verified score Monday to Sunday UTC wins 20 dollars in SKR.,poster: week 1 live,L
2026-10-28,20:00,personal (Ishan),"the seeker pays for itself idea, said carefully: the pass is about 10 dollars, the weekly prize is 20. if you win four weeks you have covered a chunk of the phone. nobody has done it yet. (prize terms in the app) @StealASeeker",poster: pass price vs weekly prize,L
2026-10-28,21:30,@StealASeeker (official),A good week on the board pays back the pass twice over. Terms in the app.,poster: pass price vs weekly prize,L
2026-10-29,20:00,personal (Ishan),"a skit: the boss entrance card, but the courier is already behind him. 15 seconds. @StealASeeker","Higgsfield skit, 15 s",
2026-10-29,21:30,@StealASeeker (official),Entrance cards are for people who use the front door.,"Higgsfield skit, 15 s",
2026-10-30,20:00,personal (Ishan),why total points and not fastest time: fastest time rewards one perfect run on one level. total points rewards playing the whole game well. candy crush got this right. so did every arcade cabinet. @StealASeeker,poster: scoring explainer,
2026-10-30,21:30,@StealASeeker (official),"Rank by everything you have done, not one lucky run. That is why the board counts total verified points.",poster: scoring explainer,
2026-10-31,20:00,personal (Ishan),"building in public: the api region is moving closer to india this week, start time is going down, and the app is losing 30 megabytes. none of it changes a level. @StealASeeker",changelog poster,N
2026-10-31,21:30,@StealASeeker (official),"Build 49 is coming with a faster start and a smaller download. Same levels, same rules.",changelog poster,N
2026-11-01,20:00,personal (Ishan),"a gameplay video: level 102, a maze, one guard left alive, 3 stars, 58 seconds. real run, verified. this is what the board counts. @StealASeeker",60 s gameplay video with the route and the score card at the end,
2026-11-01,21:30,@StealASeeker (official),"A three star clear of level 102, replayed and verified. This is the standard.",60 s gameplay video with the route and the score card at the end,
2026-11-02,20:00,personal (Ishan),week 4 recap: first weekly winner announced tonight (if cleared). next: the second week and a look at what 1000 levels means for the people grinding. @StealASeeker,poster: week 1 closing,L
2026-11-02,21:30,@StealASeeker (official),Week 1 of weekly rewards closes tonight at 23:59 UTC. Winner and verified runs posted Monday.,poster: week 1 closing,L
2026-11-03,20:00,personal (Ishan),"weekly rewards week 1 winner: (wallet or .skr name), (points), top level reached (N). 20 dollars in skr sent, tx in replies. week 2 starts now. @StealASeeker","winner card template (name, points, top level, transaction link)",L
2026-11-03,21:30,@StealASeeker (official),"Week 1 winner: (name), (points). Paid in SKR, transaction in the replies. Week 2 is open.","winner card template (name, points, top level, transaction link)",L
2026-11-04,20:00,personal (Ishan),"one month of steal a seeker. what i learned: people post the level, not the score. the share card is the product. the leaderboard is the reason to come back. @StealASeeker",recap poster: month one,N
2026-11-04,21:30,@StealASeeker (official),One month in. Thank you for every card you posted and every bug you found. The map keeps going.,recap poster: month one,N
2026-11-05,20:00,personal (Ishan),"5 november. the plan for month two: boss presentation pass (bigger sprites, health bands, signature tells), weekly rewards every monday, and the first community level. if you want to design a room, reply. @StealASeeker",poster: month two roadmap,
2026-11-05,21:30,@StealASeeker (official),"Month two: bosses that look like bosses, weekly rewards every Monday, and your room on the map. More soon.",poster: month two roadmap,
